raceId,year,race_name,circuitId,race_date
1046,2020,Sakhir Grand Prix,3,2020-12-06
1035,2020,70th Anniversary Grand Prix,9,2020-08-09
1071,2021,S達o Paulo Grand Prix,18,2021-11-14
1095,2022,S達o Paulo Grand Prix,18,2022-11-13
1141,2024,S達o Paulo Grand Prix,18,2024-11-03
1118,2023,S達o Paulo Grand Prix,18,2023-11-05
205,1998,Luxembourg Grand Prix,20,1998-09-27
221,1997,Luxembourg Grand Prix,20,1997-09-28
1041,2020,Eifel Grand Prix,20,2020-10-11
1053,2021,Emilia Romagna Grand Prix,21,2021-04-18
1043,2020,Emilia Romagna Grand Prix,21,2020-11-01
1077,2022,Emilia Romagna Grand Prix,21,2022-04-24
1127,2024,Emilia Romagna Grand Prix,21,2024-05-19
254,1995,Pacific Grand Prix,28,1995-10-22
258,1994,Pacific Grand Prix,28,1994-04-17
1140,2024,Mexico City Grand Prix,32,2024-10-27
1117,2023,Mexico City Grand Prix,32,2023-10-29
1094,2022,Mexico City Grand Prix,32,2022-10-30
1070,2021,Mexico City Grand Prix,32,2021-11-07
894,2013,Korean Grand Prix,35,2013-10-06
353,2010,Korean Grand Prix,35,2010-10-24
856,2011,Korean Grand Prix,35,2011-10-16
875,2012,Korean Grand Prix,35,2012-10-14
444,1984,Dallas Grand Prix,42,1984-07-08
497,1981,Caesars Palace Grand Prix,44,1981-10-17
482,1982,Caesars Palace Grand Prix,44,1982-09-25
775,1958,Moroccan Grand Prix,64,1958-10-19
782,1957,Pescara Grand Prix,65,1957-08-18
896,2013,Indian Grand Prix,68,2013-10-27
857,2011,Indian Grand Prix,68,2011-10-30
876,2012,Indian Grand Prix,68,2012-10-28
1032,2020,Styrian Grand Prix,70,2020-07-12
1058,2021,Styrian Grand Prix,70,2021-06-27
1039,2020,Tuscan Grand Prix,76,2020-09-13
1122,2024,Saudi Arabian Grand Prix,77,2024-03-09
1072,2021,Saudi Arabian Grand Prix,77,2021-12-05
1099,2023,Saudi Arabian Grand Prix,77,2023-03-19
1075,2022,Saudi Arabian Grand Prix,77,2022-03-27
1051,2021,Qatar Grand Prix,78,2021-11-21
1143,2024,Qatar Grand Prix,78,2024-12-01
1115,2023,Qatar Grand Prix,78,2023-10-08
1078,2022,Miami Grand Prix,79,2022-05-08
1102,2023,Miami Grand Prix,79,2023-05-07
1126,2024,Miami Grand Prix,79,2024-05-05
1119,2023,Las Vegas Grand Prix,80,2023-11-19
1142,2024,Las Vegas Grand Prix,80,2024-11-23
1144,2024,Abu Dhabi Grand Prix,24,2024-12-08
17,2009,Abu Dhabi Grand Prix,24,2009-11-01
1096,2022,Abu Dhabi Grand Prix,24,2022-11-20
1073,2021,Abu Dhabi Grand Prix,24,2021-12-12
858,2011,Abu Dhabi Grand Prix,24,2011-11-13
1009,2018,Abu Dhabi Grand Prix,24,2018-11-25
1030,2019,Abu Dhabi Grand Prix,24,2019-12-01
988,2017,Abu Dhabi Grand Prix,24,2017-11-26
968,2016,Abu Dhabi Grand Prix,24,2016-11-27
1120,2023,Abu Dhabi Grand Prix,24,2023-11-26
355,2010,Abu Dhabi Grand Prix,24,2010-11-14
1047,2020,Abu Dhabi Grand Prix,24,2020-12-13
918,2014,Abu Dhabi Grand Prix,24,2014-11-23
877,2012,Abu Dhabi Grand Prix,24,2012-11-04
897,2013,Abu Dhabi Grand Prix,24,2013-11-03
945,2015,Abu Dhabi Grand Prix,24,2015-11-29
784,1956,Argentine Grand Prix,25,1956-01-22
590,1974,Argentine Grand Prix,25,1974-01-13
193,1998,Argentine Grand Prix,25,1998-04-12
808,1953,Argentine Grand Prix,25,1953-01-18
746,1960,Argentine Grand Prix,25,1960-02-07
209,1997,Argentine Grand Prix,25,1997-04-13
498,1980,Argentine Grand Prix,25,1980-01-13
620,1972,Argentine Grand Prix,25,1972-01-23
512,1979,Argentine Grand Prix,25,1979-01-21
576,1975,Argentine Grand Prix,25,1975-01-12
792,1955,Argentine Grand Prix,25,1955-01-16
605,1973,Argentine Grand Prix,25,1973-01-28
799,1954,Argentine Grand Prix,25,1954-01-17
485,1981,Argentine Grand Prix,25,1981-04-12
543,1977,Argentine Grand Prix,25,1977-01-09
527,1978,Argentine Grand Prix,25,1978-01-15
226,1996,Argentine Grand Prix,25,1996-04-07
241,1995,Argentine Grand Prix,25,1995-04-09
765,1958,Argentine Grand Prix,25,1958-01-19
776,1957,Argentine Grand Prix,25,1957-01-13
1,2009,Australian Grand Prix,1,2009-03-29
1100,2023,Australian Grand Prix,1,2023-04-02
71,2005,Australian Grand Prix,1,2005-03-06
969,2017,Australian Grand Prix,1,2017-03-26
90,2004,Australian Grand Prix,1,2004-03-07
124,2002,Australian Grand Prix,1,2002-03-03
55,2006,Australian Grand Prix,1,2006-04-02
989,2018,Australian Grand Prix,1,2018-03-25
948,2016,Australian Grand Prix,1,2016-03-20
18,2008,Australian Grand Prix,1,2008-03-16
175,1999,Australian Grand Prix,1,1999-03-07
841,2011,Australian Grand Prix,1,2011-03-27
880,2013,Australian Grand Prix,1,2013-03-17
191,1998,Australian Grand Prix,1,1998-03-08
1123,2024,Australian Grand Prix,1,2024-03-24
860,2012,Australian Grand Prix,1,2012-03-18
108,2003,Australian Grand Prix,1,2003-03-09
141,2001,Australian Grand Prix,1,2001-03-04
224,1996,Australian Grand Prix,1,1996-03-10
158,2000,Australian Grand Prix,1,2000-03-12
1076,2022,Australian Grand Prix,1,2022-04-10
207,1997,Australian Grand Prix,1,1997-03-09
900,2014,Australian Grand Prix,1,2014-03-16
36,2007,Australian Grand Prix,1,2007-03-18
1010,2019,Australian Grand Prix,1,2019-03-17
338,2010,Australian Grand Prix,1,2010-03-28
926,2015,Australian Grand Prix,1,2015-03-15
288,1993,Australian Grand Prix,29,1993-11-07
403,1987,Australian Grand Prix,29,1987-11-15
304,1992,Australian Grand Prix,29,1992-11-08
419,1986,Australian Grand Prix,29,1986-10-26
256,1995,Australian Grand Prix,29,1995-11-12
320,1991,Australian Grand Prix,29,1991-11-03
387,1988,Australian Grand Prix,29,1988-11-13
272,1994,Australian Grand Prix,29,1994-11-13
435,1985,Australian Grand Prix,29,1985-11-03
336,1990,Australian Grand Prix,29,1990-11-04
371,1989,Australian Grand Prix,29,1989-11-05
715,1964,Austrian Grand Prix,57,1964-08-23
220,1997,Austrian Grand Prix,70,1997-09-21
146,2001,Austrian Grand Prix,70,2001-05-13
522,1979,Austrian Grand Prix,70,1979-08-12
1084,2022,Austrian Grand Prix,70,2022-07-10
447,1984,Austrian Grand Prix,70,1984-08-19
129,2002,Austrian Grand Prix,70,2002-05-12
462,1983,Austrian Grand Prix,70,1983-08-14
587,1975,Austrian Grand Prix,70,1975-08-17
1060,2021,Austrian Grand Prix,70,2021-07-04
167,2000,Austrian Grand Prix,70,2000-07-16
997,2018,Austrian Grand Prix,70,2018-07-01
183,1999,Austrian Grand Prix,70,1999-07-25
479,1982,Austrian Grand Prix,70,1982-08-15
601,1974,Austrian Grand Prix,70,1974-08-18
1031,2020,Austrian Grand Prix,70,2020-07-05
907,2014,Austrian Grand Prix,70,2014-06-22
956,2016,Austrian Grand Prix,70,2016-07-03
507,1980,Austrian Grand Prix,70,1980-08-17
1131,2024,Austrian Grand Prix,70,2024-06-30
429,1985,Austrian Grand Prix,70,1985-08-18
628,1972,Austrian Grand Prix,70,1972-08-13
538,1978,Austrian Grand Prix,70,1978-08-13
651,1970,Austrian Grand Prix,70,1970-08-16
397,1987,Austrian Grand Prix,70,1987-08-16
639,1971,Austrian Grand Prix,70,1971-08-15
493,1981,Austrian Grand Prix,70,1981-08-16
1018,2019,Austrian Grand Prix,70,2019-06-30
1107,2023,Austrian Grand Prix,70,2023-07-02
200,1998,Austrian Grand Prix,70,1998-07-26
977,2017,Austrian Grand Prix,70,2017-07-09
570,1976,Austrian Grand Prix,70,1976-08-15
933,2015,Austrian Grand Prix,70,2015-06-21
554,1977,Austrian Grand Prix,70,1977-08-14
113,2003,Austrian Grand Prix,70,2003-05-18
415,1986,Austrian Grand Prix,70,1986-08-17
616,1973,Austrian Grand Prix,70,1973-08-19
992,2018,Azerbaijan Grand Prix,73,2018-04-29
1101,2023,Azerbaijan Grand Prix,73,2023-04-30
1081,2022,Azerbaijan Grand Prix,73,2022-06-12
976,2017,Azerbaijan Grand Prix,73,2017-06-25
1013,2019,Azerbaijan Grand Prix,73,2019-04-28
1057,2021,Azerbaijan Grand Prix,73,2021-06-06
1137,2024,Azerbaijan Grand Prix,73,2024-09-15
1074,2022,Bahrain Grand Prix,3,2022-03-20
1011,2019,Bahrain Grand Prix,3,2019-03-31
92,2004,Bahrain Grand Prix,3,2004-04-04
990,2018,Bahrain Grand Prix,3,2018-04-08
883,2013,Bahrain Grand Prix,3,2013-04-21
1098,2023,Bahrain Grand Prix,3,2023-03-05
863,2012,Bahrain Grand Prix,3,2012-04-22
1121,2024,Bahrain Grand Prix,3,2024-03-02
38,2007,Bahrain Grand Prix,3,2007-04-15
4,2009,Bahrain Grand Prix,3,2009-04-26
1052,2021,Bahrain Grand Prix,3,2021-03-28
73,2005,Bahrain Grand Prix,3,2005-04-03
971,2017,Bahrain Grand Prix,3,2017-04-16
337,2010,Bahrain Grand Prix,3,2010-03-14
902,2014,Bahrain Grand Prix,3,2014-04-06
20,2008,Bahrain Grand Prix,3,2008-04-06
1045,2020,Bahrain Grand Prix,3,2020-11-29
53,2006,Bahrain Grand Prix,3,2006-03-12
929,2015,Bahrain Grand Prix,3,2015-04-19
949,2016,Bahrain Grand Prix,3,2016-04-03
691,1966,Belgian Grand Prix,13,1966-06-12
787,1956,Belgian Grand Prix,13,1956-06-03
646,1970,Belgian Grand Prix,13,1970-06-07
250,1995,Belgian Grand Prix,13,1995-08-27
315,1991,Belgian Grand Prix,13,1991-08-25
457,1983,Belgian Grand Prix,13,1983-05-22
852,2011,Belgian Grand Prix,13,2011-08-28
811,1953,Belgian Grand Prix,13,1953-06-21
891,2013,Belgian Grand Prix,13,2013-08-25
86,2005,Belgian Grand Prix,13,2005-09-11
670,1968,Belgian Grand Prix,13,1968-06-09
186,1999,Belgian Grand Prix,13,1999-08-29
980,2017,Belgian Grand Prix,13,2017-08-27
827,1951,Belgian Grand Prix,13,1951-06-17
701,1965,Belgian Grand Prix,13,1965-06-13
154,2001,Belgian Grand Prix,13,2001-09-02
390,1987,Belgian Grand Prix,13,1987-05-17
1134,2024,Belgian Grand Prix,13,2024-07-28
1110,2023,Belgian Grand Prix,13,2023-07-30
218,1997,Belgian Grand Prix,13,1997-08-24
408,1986,Belgian Grand Prix,13,1986-05-25
801,1954,Belgian Grand Prix,13,1954-06-20
795,1955,Belgian Grand Prix,13,1955-06-05
711,1964,Belgian Grand Prix,13,1964-06-14
137,2002,Belgian Grand Prix,13,2002-09-01
720,1963,Belgian Grand Prix,13,1963-06-09
1022,2019,Belgian Grand Prix,13,2019-09-01
12,2009,Belgian Grand Prix,13,2009-08-30
49,2007,Belgian Grand Prix,13,2007-09-16
871,2012,Belgian Grand Prix,13,2012-09-02
349,2010,Belgian Grand Prix,13,2010-08-29
432,1985,Belgian Grand Prix,13,1985-09-15
769,1958,Belgian Grand Prix,13,1958-06-15
366,1989,Belgian Grand Prix,13,1989-08-27
382,1988,Belgian Grand Prix,13,1988-08-28
819,1952,Belgian Grand Prix,13,1952-06-22
837,1950,Belgian Grand Prix,13,1950-06-18
30,2008,Belgian Grand Prix,13,2008-09-07
284,1993,Belgian Grand Prix,13,1993-08-29
682,1967,Belgian Grand Prix,13,1967-06-18
911,2014,Belgian Grand Prix,13,2014-08-24
1063,2021,Belgian Grand Prix,13,2021-08-29
267,1994,Belgian Grand Prix,13,1994-08-28
236,1996,Belgian Grand Prix,13,1996-08-25
1087,2022,Belgian Grand Prix,13,2022-08-28
103,2004,Belgian Grand Prix,13,2004-08-29
1037,2020,Belgian Grand Prix,13,2020-08-30
170,2000,Belgian Grand Prix,13,2000-08-27
750,1960,Belgian Grand Prix,13,1960-06-19
1001,2018,Belgian Grand Prix,13,2018-08-26
331,1990,Belgian Grand Prix,13,1990-08-26
203,1998,Belgian Grand Prix,13,1998-08-30
960,2016,Belgian Grand Prix,13,2016-08-28
740,1961,Belgian Grand Prix,13,1961-06-18
731,1962,Belgian Grand Prix,13,1962-06-17
300,1992,Belgian Grand Prix,13,1992-08-30
937,2015,Belgian Grand Prix,13,2015-08-23
502,1980,Belgian Grand Prix,40,1980-05-04
532,1978,Belgian Grand Prix,40,1978-05-21
549,1977,Belgian Grand Prix,40,1977-06-05
517,1979,Belgian Grand Prix,40,1979-05-13
609,1973,Belgian Grand Prix,40,1973-05-20
438,1984,Belgian Grand Prix,40,1984-04-29
581,1975,Belgian Grand Prix,40,1975-05-25
471,1982,Belgian Grand Prix,40,1982-05-09
564,1976,Belgian Grand Prix,40,1976-05-16
487,1981,Belgian Grand Prix,40,1981-05-17
594,1974,Belgian Grand Prix,50,1974-05-12
624,1972,Belgian Grand Prix,50,1972-06-04
354,2010,Brazilian Grand Prix,18,2010-11-07
52,2007,Brazilian Grand Prix,18,2007-10-21
859,2011,Brazilian Grand Prix,18,2011-11-27
176,1999,Brazilian Grand Prix,18,1999-04-11
87,2005,Brazilian Grand Prix,18,2005-09-25
126,2002,Brazilian Grand Prix,18,2002-03-31
70,2006,Brazilian Grand Prix,18,2006-10-22
208,1997,Brazilian Grand Prix,18,1997-03-30
225,1996,Brazilian Grand Prix,18,1996-03-31
544,1977,Brazilian Grand Prix,18,1977-01-23
577,1975,Brazilian Grand Prix,18,1975-01-26
159,2000,Brazilian Grand Prix,18,2000-03-26
110,2003,Brazilian Grand Prix,18,2003-04-06
917,2014,Brazilian Grand Prix,18,2014-11-09
257,1994,Brazilian Grand Prix,18,1994-03-27
35,2008,Brazilian Grand Prix,18,2008-11-02
291,1992,Brazilian Grand Prix,18,1992-04-05
513,1979,Brazilian Grand Prix,18,1979-02-04
499,1980,Brazilian Grand Prix,18,1980-01-27
560,1976,Brazilian Grand Prix,18,1976-01-25
944,2015,Brazilian Grand Prix,18,2015-11-15
987,2017,Brazilian Grand Prix,18,2017-11-12
899,2013,Brazilian Grand Prix,18,2013-11-24
967,2016,Brazilian Grand Prix,18,2016-11-13
143,2001,Brazilian Grand Prix,18,2001-04-01
606,1973,Brazilian Grand Prix,18,1973-02-11
1008,2018,Brazilian Grand Prix,18,2018-11-11
240,1995,Brazilian Grand Prix,18,1995-03-26
879,2012,Brazilian Grand Prix,18,2012-11-25
1029,2019,Brazilian Grand Prix,18,2019-11-17
274,1993,Brazilian Grand Prix,18,1993-03-28
306,1991,Brazilian Grand Prix,18,1991-03-24
107,2004,Brazilian Grand Prix,18,2004-10-24
322,1990,Brazilian Grand Prix,18,1990-03-25
16,2009,Brazilian Grand Prix,18,2009-10-18
192,1998,Brazilian Grand Prix,18,1998-03-29
591,1974,Brazilian Grand Prix,18,1974-01-27
356,1989,Brazilian Grand Prix,36,1989-03-26
404,1986,Brazilian Grand Prix,36,1986-03-23
372,1988,Brazilian Grand Prix,36,1988-04-03
528,1978,Brazilian Grand Prix,36,1978-01-29
420,1985,Brazilian Grand Prix,36,1985-04-07
436,1984,Brazilian Grand Prix,36,1984-03-25
484,1981,Brazilian Grand Prix,36,1981-03-29
452,1983,Brazilian Grand Prix,36,1983-03-13
388,1987,Brazilian Grand Prix,36,1987-04-12
468,1982,Brazilian Grand Prix,36,1982-03-21
613,1973,British Grand Prix,9,1973-07-14
887,2013,British Grand Prix,9,2013-06-30
247,1995,British Grand Prix,9,1995-07-16
789,1956,British Grand Prix,9,1956-07-14
8,2009,British Grand Prix,9,2009-06-21
100,2004,British Grand Prix,9,2004-07-11
312,1991,British Grand Prix,9,1991-07-14
803,1954,British Grand Prix,9,1954-07-17
328,1990,British Grand Prix,9,1990-07-15
1061,2021,British Grand Prix,9,2021-07-18
460,1983,British Grand Prix,9,1983-07-16
908,2014,British Grand Prix,9,2014-07-06
182,1999,British Grand Prix,9,1999-07-11
703,1965,British Grand Prix,9,1965-07-10
363,1989,British Grand Prix,9,1989-07-16
849,2011,British Grand Prix,9,2011-07-10
520,1979,British Grand Prix,9,1979-07-14
978,2017,British Grand Prix,9,2017-07-16
1132,2024,British Grand Prix,9,2024-07-07
934,2015,British Grand Prix,9,2015-07-05
1034,2020,British Grand Prix,9,2020-08-02
771,1958,British Grand Prix,9,1958-07-19
813,1953,British Grand Prix,9,1953-07-18
1108,2023,British Grand Prix,9,2023-07-09
833,1950,British Grand Prix,9,1950-05-13
264,1994,British Grand Prix,9,1994-07-10
394,1987,British Grand Prix,9,1987-07-12
427,1985,British Grand Prix,9,1985-07-21
723,1963,British Grand Prix,9,1963-07-20
868,2012,British Grand Prix,9,2012-07-08
552,1977,British Grand Prix,9,1977-07-16
1019,2019,British Grand Prix,9,2019-07-14
281,1993,British Grand Prix,9,1993-07-11
957,2016,British Grand Prix,9,2016-07-10
998,2018,British Grand Prix,9,2018-07-08
346,2010,British Grand Prix,9,2010-07-11
297,1992,British Grand Prix,9,1992-07-12
26,2008,British Grand Prix,9,2008-07-06
215,1997,British Grand Prix,9,1997-07-13
684,1967,British Grand Prix,9,1967-07-15
60,2006,British Grand Prix,9,2006-06-11
491,1981,British Grand Prix,9,1981-07-18
829,1951,British Grand Prix,9,1951-07-14
118,2003,British Grand Prix,9,2003-07-20
752,1960,British Grand Prix,9,1960-07-16
1083,2022,British Grand Prix,9,2022-07-03
161,2000,British Grand Prix,9,2000-04-23
585,1975,British Grand Prix,9,1975-07-19
821,1952,British Grand Prix,9,1952-07-19
199,1998,British Grand Prix,9,1998-07-12
81,2005,British Grand Prix,9,2005-07-10
133,2002,British Grand Prix,9,2002-07-07
151,2001,British Grand Prix,9,2001-07-15
233,1996,British Grand Prix,9,1996-07-14
661,1969,British Grand Prix,9,1969-07-19
379,1988,British Grand Prix,9,1988-07-10
637,1971,British Grand Prix,9,1971-07-17
44,2007,British Grand Prix,9,2007-07-08
412,1986,British Grand Prix,38,1986-07-13
713,1964,British Grand Prix,38,1964-07-11
476,1982,British Grand Prix,38,1982-07-18
505,1980,British Grand Prix,38,1980-07-13
445,1984,British Grand Prix,38,1984-07-22
649,1970,British Grand Prix,38,1970-07-18
693,1966,British Grand Prix,38,1966-07-16
568,1976,British Grand Prix,38,1976-07-18
599,1974,British Grand Prix,38,1974-07-20
536,1978,British Grand Prix,38,1978-07-16
626,1972,British Grand Prix,38,1972-07-15
673,1968,British Grand Prix,38,1968-07-20
733,1962,British Grand Prix,58,1962-07-21
742,1961,British Grand Prix,58,1961-07-15
760,1959,British Grand Prix,58,1959-07-18
780,1957,British Grand Prix,58,1957-07-20
797,1955,British Grand Prix,58,1955-07-16
474,1982,Canadian Grand Prix,7,1982-06-13
525,1979,Canadian Grand Prix,7,1979-09-30
295,1992,Canadian Grand Prix,7,1992-06-14
344,2010,Canadian Grand Prix,7,2010-06-13
424,1985,Canadian Grand Prix,7,1985-06-16
847,2011,Canadian Grand Prix,7,2011-06-12
131,2002,Canadian Grand Prix,7,2002-06-09
24,2008,Canadian Grand Prix,7,2008-06-08
180,1999,Canadian Grand Prix,7,1999-06-13
245,1995,Canadian Grand Prix,7,1995-06-11
866,2012,Canadian Grand Prix,7,2012-06-10
41,2007,Canadian Grand Prix,7,2007-06-10
995,2018,Canadian Grand Prix,7,2018-06-10
1082,2022,Canadian Grand Prix,7,2022-06-19
954,2016,Canadian Grand Prix,7,2016-06-12
61,2006,Canadian Grand Prix,7,2006-06-25
932,2015,Canadian Grand Prix,7,2015-06-07
213,1997,Canadian Grand Prix,7,1997-06-15
78,2005,Canadian Grand Prix,7,2005-06-12
231,1996,Canadian Grand Prix,7,1996-06-16
496,1981,Canadian Grand Prix,7,1981-09-27
165,2000,Canadian Grand Prix,7,2000-06-18
97,2004,Canadian Grand Prix,7,2004-06-13
886,2013,Canadian Grand Prix,7,2013-06-09
376,1988,Canadian Grand Prix,7,1988-06-12
906,2014,Canadian Grand Prix,7,2014-06-08
115,2003,Canadian Grand Prix,7,2003-06-15
361,1989,Canadian Grand Prix,7,1989-06-18
409,1986,Canadian Grand Prix,7,1986-06-15
542,1978,Canadian Grand Prix,7,1978-10-08
1129,2024,Canadian Grand Prix,7,2024-06-09
1106,2023,Canadian Grand Prix,7,2023-06-18
442,1984,Canadian Grand Prix,7,1984-06-17
1016,2019,Canadian Grand Prix,7,2019-06-09
325,1990,Canadian Grand Prix,7,1990-06-10
975,2017,Canadian Grand Prix,7,2017-06-11
148,2001,Canadian Grand Prix,7,2001-06-10
309,1991,Canadian Grand Prix,7,1991-06-02
459,1983,Canadian Grand Prix,7,1983-06-12
197,1998,Canadian Grand Prix,7,1998-06-07
279,1993,Canadian Grand Prix,7,1993-06-13
510,1980,Canadian Grand Prix,7,1980-09-28
262,1994,Canadian Grand Prix,7,1994-06-12
686,1967,Canadian Grand Prix,48,1967-08-27
573,1976,Canadian Grand Prix,48,1976-10-03
558,1977,Canadian Grand Prix,48,1977-10-09
630,1972,Canadian Grand Prix,48,1972-09-24
603,1974,Canadian Grand Prix,48,1974-09-22
641,1971,Canadian Grand Prix,48,1971-09-19
618,1973,Canadian Grand Prix,48,1973-09-23
664,1969,Canadian Grand Prix,48,1969-09-20
653,1970,Canadian Grand Prix,52,1970-09-20
676,1968,Canadian Grand Prix,52,1968-09-22
1012,2019,Chinese Grand Prix,17,2019-04-14
34,2008,Chinese Grand Prix,17,2008-10-19
903,2014,Chinese Grand Prix,17,2014-04-20
3,2009,Chinese Grand Prix,17,2009-04-19
51,2007,Chinese Grand Prix,17,2007-10-07
862,2012,Chinese Grand Prix,17,2012-04-15
950,2016,Chinese Grand Prix,17,2016-04-17
105,2004,Chinese Grand Prix,17,2004-09-26
843,2011,Chinese Grand Prix,17,2011-04-17
882,2013,Chinese Grand Prix,17,2013-04-14
928,2015,Chinese Grand Prix,17,2015-04-12
340,2010,Chinese Grand Prix,17,2010-04-18
991,2018,Chinese Grand Prix,17,2018-04-15
68,2006,Chinese Grand Prix,17,2006-10-01
89,2005,Chinese Grand Prix,17,2005-10-16
970,2017,Chinese Grand Prix,17,2017-04-09
1125,2024,Chinese Grand Prix,17,2024-04-21
410,1986,Detroit Grand Prix,37,1986-06-22
473,1982,Detroit Grand Prix,37,1982-06-06
443,1984,Detroit Grand Prix,37,1984-06-24
425,1985,Detroit Grand Prix,37,1985-06-23
458,1983,Detroit Grand Prix,37,1983-06-05
377,1988,Detroit Grand Prix,37,1988-06-19
392,1987,Detroit Grand Prix,37,1987-06-21
710,1964,Dutch Grand Prix,39,1964-05-24
539,1978,Dutch Grand Prix,39,1978-08-27
583,1975,Dutch Grand Prix,39,1975-06-22
749,1960,Dutch Grand Prix,39,1960-06-06
739,1961,Dutch Grand Prix,39,1961-05-22
659,1969,Dutch Grand Prix,39,1969-06-21
448,1984,Dutch Grand Prix,39,1984-08-26
1135,2024,Dutch Grand Prix,39,2024-08-25
1064,2021,Dutch Grand Prix,39,2021-09-05
555,1977,Dutch Grand Prix,39,1977-08-28
767,1958,Dutch Grand Prix,39,1958-05-26
758,1959,Dutch Grand Prix,39,1959-05-31
796,1955,Dutch Grand Prix,39,1955-06-19
475,1982,Dutch Grand Prix,39,1982-07-03
1088,2022,Dutch Grand Prix,39,2022-09-04
430,1985,Dutch Grand Prix,39,1985-08-25
597,1974,Dutch Grand Prix,39,1974-06-23
523,1979,Dutch Grand Prix,39,1979-08-26
823,1952,Dutch Grand Prix,39,1952-08-17
508,1980,Dutch Grand Prix,39,1980-08-31
704,1965,Dutch Grand Prix,39,1965-07-18
729,1962,Dutch Grand Prix,39,1962-05-20
463,1983,Dutch Grand Prix,39,1983-08-28
694,1966,Dutch Grand Prix,39,1966-07-24
1111,2023,Dutch Grand Prix,39,2023-08-27
810,1953,Dutch Grand Prix,39,1953-06-07
671,1968,Dutch Grand Prix,39,1968-06-23
571,1976,Dutch Grand Prix,39,1976-08-29
614,1973,Dutch Grand Prix,39,1973-07-29
647,1970,Dutch Grand Prix,39,1970-06-21
721,1963,Dutch Grand Prix,39,1963-06-23
681,1967,Dutch Grand Prix,39,1967-06-04
494,1981,Dutch Grand Prix,39,1981-08-30
635,1971,Dutch Grand Prix,39,1971-06-20
848,2011,European Grand Prix,12,2011-06-26
867,2012,European Grand Prix,12,2012-06-24
29,2008,European Grand Prix,12,2008-08-24
345,2010,European Grand Prix,12,2010-06-27
11,2009,European Grand Prix,12,2009-08-23
96,2004,European Grand Prix,20,2004-05-30
163,2000,European Grand Prix,20,2000-05-21
132,2002,European Grand Prix,20,2002-06-23
45,2007,European Grand Prix,20,2007-07-22
57,2006,European Grand Prix,20,2006-05-07
227,1996,European Grand Prix,20,1996-04-28
149,2001,European Grand Prix,20,2001-06-24
188,1999,European Grand Prix,20,1999-09-26
253,1995,European Grand Prix,20,1995-10-01
116,2003,European Grand Prix,20,2003-06-29
77,2005,European Grand Prix,20,2005-05-29
450,1984,European Grand Prix,20,1984-10-07
223,1997,European Grand Prix,26,1997-10-26
270,1994,European Grand Prix,26,1994-10-16
275,1993,European Grand Prix,31,1993-04-11
433,1985,European Grand Prix,38,1985-10-06
465,1983,European Grand Prix,38,1983-09-25
955,2016,European Grand Prix,73,2016-06-19
166,2000,French Grand Prix,8,2000-07-02
25,2008,French Grand Prix,8,2008-06-22
263,1994,French Grand Prix,8,1994-07-03
232,1996,French Grand Prix,8,1996-06-30
150,2001,French Grand Prix,8,2001-07-01
296,1992,French Grand Prix,8,1992-07-05
63,2006,French Grand Prix,8,2006-07-16
117,2003,French Grand Prix,8,2003-07-06
181,1999,French Grand Prix,8,1999-06-27
198,1998,French Grand Prix,8,1998-06-28
134,2002,French Grand Prix,8,2002-07-21
246,1995,French Grand Prix,8,1995-07-02
80,2005,French Grand Prix,8,2005-07-03
43,2007,French Grand Prix,8,2007-07-01
280,1993,French Grand Prix,8,1993-07-04
214,1997,French Grand Prix,8,1997-06-29
311,1991,French Grand Prix,8,1991-07-07
99,2004,French Grand Prix,8,2004-07-04
327,1990,French Grand Prix,34,1990-07-08
535,1978,French Grand Prix,34,1978-07-02
393,1987,French Grand Prix,34,1987-07-05
612,1973,French Grand Prix,34,1973-07-01
477,1982,French Grand Prix,34,1982-07-25
504,1980,French Grand Prix,34,1980-06-29
454,1983,French Grand Prix,34,1983-04-17
1017,2019,French Grand Prix,34,2019-06-23
1085,2022,French Grand Prix,34,2022-07-24
362,1989,French Grand Prix,34,1989-07-09
584,1975,French Grand Prix,34,1975-07-06
636,1971,French Grand Prix,34,1971-07-04
567,1976,French Grand Prix,34,1976-07-04
996,2018,French Grand Prix,34,2018-06-24
426,1985,French Grand Prix,34,1985-07-07
1059,2021,French Grand Prix,34,2021-06-20
411,1986,French Grand Prix,34,1986-07-06
378,1988,French Grand Prix,34,1988-07-03
490,1981,French Grand Prix,41,1981-07-05
598,1974,French Grand Prix,41,1974-07-07
440,1984,French Grand Prix,41,1984-05-20
519,1979,French Grand Prix,41,1979-07-01
551,1977,French Grand Prix,41,1977-07-03
648,1970,French Grand Prix,51,1970-07-05
702,1965,French Grand Prix,51,1965-06-27
625,1972,French Grand Prix,51,1972-07-02
660,1969,French Grand Prix,51,1969-07-06
779,1957,French Grand Prix,53,1957-07-07
732,1962,French Grand Prix,53,1962-07-08
820,1952,French Grand Prix,53,1952-07-06
672,1968,French Grand Prix,53,1968-07-07
712,1964,French Grand Prix,53,1964-06-28
683,1967,French Grand Prix,54,1967-07-02
770,1958,French Grand Prix,55,1958-07-06
759,1959,French Grand Prix,55,1959-07-05
838,1950,French Grand Prix,55,1950-07-02
802,1954,French Grand Prix,55,1954-07-04
812,1953,French Grand Prix,55,1953-07-05
751,1960,French Grand Prix,55,1960-07-03
788,1956,French Grand Prix,55,1956-07-01
692,1966,French Grand Prix,55,1966-07-03
828,1951,French Grand Prix,55,1951-07-01
722,1963,French Grand Prix,55,1963-06-30
741,1961,French Grand Prix,55,1961-07-02
64,2006,German Grand Prix,10,2006-07-30
168,2000,German Grand Prix,10,2000-07-30
506,1980,German Grand Prix,10,1980-08-10
869,2012,German Grand Prix,10,2012-07-22
553,1977,German Grand Prix,10,1977-07-31
27,2008,German Grand Prix,10,2008-07-20
82,2005,German Grand Prix,10,2005-07-24
413,1986,German Grand Prix,10,1986-07-27
216,1997,German Grand Prix,10,1997-07-27
119,2003,German Grand Prix,10,2003-08-03
248,1995,German Grand Prix,10,1995-07-30
461,1983,German Grand Prix,10,1983-08-07
999,2018,German Grand Prix,10,2018-07-22
1020,2019,German Grand Prix,10,2019-07-28
184,1999,German Grand Prix,10,1999-08-01
959,2016,German Grand Prix,10,2016-07-31
135,2002,German Grand Prix,10,2002-07-28
234,1996,German Grand Prix,10,1996-07-28
298,1992,German Grand Prix,10,1992-07-26
650,1970,German Grand Prix,10,1970-08-02
347,2010,German Grand Prix,10,2010-07-25
478,1982,German Grand Prix,10,1982-08-08
521,1979,German Grand Prix,10,1979-07-29
152,2001,German Grand Prix,10,2001-07-29
395,1987,German Grand Prix,10,1987-07-26
364,1989,German Grand Prix,10,1989-07-30
380,1988,German Grand Prix,10,1988-07-24
313,1991,German Grand Prix,10,1991-07-28
101,2004,German Grand Prix,10,2004-07-25
329,1990,German Grand Prix,10,1990-07-29
492,1981,German Grand Prix,10,1981-08-02
201,1998,German Grand Prix,10,1998-08-02
446,1984,German Grand Prix,10,1984-08-05
537,1978,German Grand Prix,10,1978-07-30
265,1994,German Grand Prix,10,1994-07-31
282,1993,German Grand Prix,10,1993-07-25
909,2014,German Grand Prix,10,2014-07-20
804,1954,German Grand Prix,20,1954-08-01
705,1965,German Grand Prix,20,1965-08-01
714,1964,German Grand Prix,20,1964-08-02
781,1957,German Grand Prix,20,1957-08-04
600,1974,German Grand Prix,20,1974-08-04
662,1969,German Grand Prix,20,1969-08-03
638,1971,German Grand Prix,20,1971-08-01
615,1973,German Grand Prix,20,1973-08-05
734,1962,German Grand Prix,20,1962-08-05
830,1951,German Grand Prix,20,1951-07-29
695,1966,German Grand Prix,20,1966-08-07
428,1985,German Grand Prix,20,1985-08-04
724,1963,German Grand Prix,20,1963-08-04
850,2011,German Grand Prix,20,2011-07-24
569,1976,German Grand Prix,20,1976-08-01
685,1967,German Grand Prix,20,1967-08-06
9,2009,German Grand Prix,20,2009-07-12
772,1958,German Grand Prix,20,1958-08-03
790,1956,German Grand Prix,20,1956-08-05
627,1972,German Grand Prix,20,1972-07-30
743,1961,German Grand Prix,20,1961-08-06
822,1952,German Grand Prix,20,1952-08-03
674,1968,German Grand Prix,20,1968-08-04
888,2013,German Grand Prix,20,2013-07-07
586,1975,German Grand Prix,20,1975-08-03
814,1953,German Grand Prix,20,1953-08-02
761,1959,German Grand Prix,61,1959-08-02
330,1990,Hungarian Grand Prix,11,1990-08-12
10,2009,Hungarian Grand Prix,11,2009-07-26
1086,2022,Hungarian Grand Prix,11,2022-07-31
851,2011,Hungarian Grand Prix,11,2011-07-31
314,1991,Hungarian Grand Prix,11,1991-08-11
235,1996,Hungarian Grand Prix,11,1996-08-11
283,1993,Hungarian Grand Prix,11,1993-08-15
958,2016,Hungarian Grand Prix,11,2016-07-24
249,1995,Hungarian Grand Prix,11,1995-08-13
365,1989,Hungarian Grand Prix,11,1989-08-13
1062,2021,Hungarian Grand Prix,11,2021-08-01
169,2000,Hungarian Grand Prix,11,2000-08-13
65,2006,Hungarian Grand Prix,11,2006-08-06
979,2017,Hungarian Grand Prix,11,2017-07-30
46,2007,Hungarian Grand Prix,11,2007-08-05
102,2004,Hungarian Grand Prix,11,2004-08-15
299,1992,Hungarian Grand Prix,11,1992-08-16
936,2015,Hungarian Grand Prix,11,2015-07-26
1033,2020,Hungarian Grand Prix,11,2020-07-19
870,2012,Hungarian Grand Prix,11,2012-07-29
1133,2024,Hungarian Grand Prix,11,2024-07-21
83,2005,Hungarian Grand Prix,11,2005-07-31
185,1999,Hungarian Grand Prix,11,1999-08-15
348,2010,Hungarian Grand Prix,11,2010-08-01
1021,2019,Hungarian Grand Prix,11,2019-08-04
381,1988,Hungarian Grand Prix,11,1988-08-07
136,2002,Hungarian Grand Prix,11,2002-08-18
396,1987,Hungarian Grand Prix,11,1987-08-09
153,2001,Hungarian Grand Prix,11,2001-08-19
1109,2023,Hungarian Grand Prix,11,2023-07-23
1000,2018,Hungarian Grand Prix,11,2018-07-29
120,2003,Hungarian Grand Prix,11,2003-08-24
414,1986,Hungarian Grand Prix,11,1986-08-10
890,2013,Hungarian Grand Prix,11,2013-07-28
910,2014,Hungarian Grand Prix,11,2014-07-27
28,2008,Hungarian Grand Prix,11,2008-08-03
202,1998,Hungarian Grand Prix,11,1998-08-16
217,1997,Hungarian Grand Prix,11,1997-08-10
266,1994,Hungarian Grand Prix,11,1994-08-14
786,1956,Indianapolis 500,19,1956-05-30
826,1951,Indianapolis 500,19,1951-05-30
768,1958,Indianapolis 500,19,1958-05-30
809,1953,Indianapolis 500,19,1953-05-30
800,1954,Indianapolis 500,19,1954-05-31
835,1950,Indianapolis 500,19,1950-05-30
818,1952,Indianapolis 500,19,1952-05-30
794,1955,Indianapolis 500,19,1955-05-30
757,1959,Indianapolis 500,19,1959-05-30
778,1957,Indianapolis 500,19,1957-05-30
748,1960,Indianapolis 500,19,1960-05-30
48,2007,Italian Grand Prix,14,2007-09-09
754,1960,Italian Grand Prix,14,1960-09-04
85,2005,Italian Grand Prix,14,2005-09-04
268,1994,Italian Grand Prix,14,1994-09-11
1002,2018,Italian Grand Prix,14,2018-09-02
981,2017,Italian Grand Prix,14,2017-09-03
540,1978,Italian Grand Prix,14,1978-09-10
629,1972,Italian Grand Prix,14,1972-09-10
588,1975,Italian Grand Prix,14,1975-09-07
1038,2020,Italian Grand Prix,14,2020-09-06
449,1984,Italian Grand Prix,14,1984-09-09
524,1979,Italian Grand Prix,14,1979-09-09
735,1962,Italian Grand Prix,14,1962-09-16
839,1950,Italian Grand Prix,14,1950-09-03
912,2014,Italian Grand Prix,14,2014-09-07
171,2000,Italian Grand Prix,14,2000-09-10
350,2010,Italian Grand Prix,14,2010-09-12
663,1969,Italian Grand Prix,14,1969-09-07
31,2008,Italian Grand Prix,14,2008-09-14
892,2013,Italian Grand Prix,14,2013-09-08
138,2002,Italian Grand Prix,14,2002-09-15
725,1963,Italian Grand Prix,14,1963-09-08
416,1986,Italian Grand Prix,14,1986-09-07
716,1964,Italian Grand Prix,14,1964-09-06
251,1995,Italian Grand Prix,14,1995-09-10
367,1989,Italian Grand Prix,14,1989-09-10
1089,2022,Italian Grand Prix,14,2022-09-11
316,1991,Italian Grand Prix,14,1991-09-08
640,1971,Italian Grand Prix,14,1971-09-05
831,1951,Italian Grand Prix,14,1951-09-16
675,1968,Italian Grand Prix,14,1968-09-08
13,2009,Italian Grand Prix,14,2009-09-13
464,1983,Italian Grand Prix,14,1983-09-11
237,1996,Italian Grand Prix,14,1996-09-08
617,1973,Italian Grand Prix,14,1973-09-09
791,1956,Italian Grand Prix,14,1956-09-02
67,2006,Italian Grand Prix,14,2006-09-10
481,1982,Italian Grand Prix,14,1982-09-12
332,1990,Italian Grand Prix,14,1990-09-09
744,1961,Italian Grand Prix,14,1961-09-10
187,1999,Italian Grand Prix,14,1999-09-12
602,1974,Italian Grand Prix,14,1974-09-08
816,1953,Italian Grand Prix,14,1953-09-13
219,1997,Italian Grand Prix,14,1997-09-07
495,1981,Italian Grand Prix,14,1981-09-13
961,2016,Italian Grand Prix,14,2016-09-04
121,2003,Italian Grand Prix,14,2003-09-14
652,1970,Italian Grand Prix,14,1970-09-06
572,1976,Italian Grand Prix,14,1976-09-12
774,1958,Italian Grand Prix,14,1958-09-07
104,2004,Italian Grand Prix,14,2004-09-12
556,1977,Italian Grand Prix,14,1977-09-11
872,2012,Italian Grand Prix,14,2012-09-09
938,2015,Italian Grand Prix,14,2015-09-06
204,1998,Italian Grand Prix,14,1998-09-13
301,1992,Italian Grand Prix,14,1992-09-13
687,1967,Italian Grand Prix,14,1967-09-10
696,1966,Italian Grand Prix,14,1966-09-04
824,1952,Italian Grand Prix,14,1952-09-07
798,1955,Italian Grand Prix,14,1955-09-11
763,1959,Italian Grand Prix,14,1959-09-13
383,1988,Italian Grand Prix,14,1988-09-11
398,1987,Italian Grand Prix,14,1987-09-06
1065,2021,Italian Grand Prix,14,2021-09-12
806,1954,Italian Grand Prix,14,1954-09-05
853,2011,Italian Grand Prix,14,2011-09-11
285,1993,Italian Grand Prix,14,1993-09-12
431,1985,Italian Grand Prix,14,1985-09-08
1023,2019,Italian Grand Prix,14,2019-09-08
1112,2023,Italian Grand Prix,14,2023-09-03
1136,2024,Italian Grand Prix,14,2024-09-01
155,2001,Italian Grand Prix,14,2001-09-16
706,1965,Italian Grand Prix,14,1965-09-12
783,1957,Italian Grand Prix,14,1957-09-08
509,1980,Italian Grand Prix,21,1980-09-14
33,2008,Japanese Grand Prix,16,2008-10-12
559,1977,Japanese Grand Prix,16,1977-10-23
50,2007,Japanese Grand Prix,16,2007-09-30
575,1976,Japanese Grand Prix,16,1976-10-24
206,1998,Japanese Grand Prix,22,1998-11-01
964,2016,Japanese Grand Prix,22,2016-10-09
914,2014,Japanese Grand Prix,22,2014-10-05
15,2009,Japanese Grand Prix,22,2009-10-04
352,2010,Japanese Grand Prix,22,2010-10-10
173,2000,Japanese Grand Prix,22,2000-10-08
855,2011,Japanese Grand Prix,22,2011-10-09
984,2017,Japanese Grand Prix,22,2017-10-08
222,1997,Japanese Grand Prix,22,1997-10-12
1026,2019,Japanese Grand Prix,22,2019-10-13
239,1996,Japanese Grand Prix,22,1996-10-13
1124,2024,Japanese Grand Prix,22,2024-04-07
123,2003,Japanese Grand Prix,22,2003-10-12
370,1989,Japanese Grand Prix,22,1989-10-22
1092,2022,Japanese Grand Prix,22,2022-10-09
287,1993,Japanese Grand Prix,22,1993-10-24
271,1994,Japanese Grand Prix,22,1994-11-06
335,1990,Japanese Grand Prix,22,1990-10-21
895,2013,Japanese Grand Prix,22,2013-10-13
874,2012,Japanese Grand Prix,22,2012-10-07
106,2004,Japanese Grand Prix,22,2004-10-10
88,2005,Japanese Grand Prix,22,2005-10-09
1114,2023,Japanese Grand Prix,22,2023-09-24
157,2001,Japanese Grand Prix,22,2001-10-14
190,1999,Japanese Grand Prix,22,1999-10-31
386,1988,Japanese Grand Prix,22,1988-10-30
303,1992,Japanese Grand Prix,22,1992-10-25
1005,2018,Japanese Grand Prix,22,2018-10-07
319,1991,Japanese Grand Prix,22,1991-10-20
940,2015,Japanese Grand Prix,22,2015-09-27
69,2006,Japanese Grand Prix,22,2006-10-08
402,1987,Japanese Grand Prix,22,1987-11-01
255,1995,Japanese Grand Prix,22,1995-10-29
140,2002,Japanese Grand Prix,22,2002-10-13
927,2015,Malaysian Grand Prix,2,2015-03-29
19,2008,Malaysian Grand Prix,2,2008-03-23
109,2003,Malaysian Grand Prix,2,2003-03-23
901,2014,Malaysian Grand Prix,2,2014-03-30
983,2017,Malaysian Grand Prix,2,2017-10-01
842,2011,Malaysian Grand Prix,2,2011-04-10
881,2013,Malaysian Grand Prix,2,2013-03-24
2,2009,Malaysian Grand Prix,2,2009-04-05
174,2000,Malaysian Grand Prix,2,2000-10-22
37,2007,Malaysian Grand Prix,2,2007-04-08
142,2001,Malaysian Grand Prix,2,2001-03-18
861,2012,Malaysian Grand Prix,2,2012-03-25
54,2006,Malaysian Grand Prix,2,2006-03-19
189,1999,Malaysian Grand Prix,2,1999-10-17
125,2002,Malaysian Grand Prix,2,2002-03-17
72,2005,Malaysian Grand Prix,2,2005-03-20
91,2004,Malaysian Grand Prix,2,2004-03-21
963,2016,Malaysian Grand Prix,2,2016-10-02
339,2010,Malaysian Grand Prix,2,2010-04-04
1007,2018,Mexican Grand Prix,32,2018-10-28
966,2016,Mexican Grand Prix,32,2016-10-30
678,1968,Mexican Grand Prix,32,1968-11-03
359,1989,Mexican Grand Prix,32,1989-05-28
655,1970,Mexican Grand Prix,32,1970-10-25
708,1965,Mexican Grand Prix,32,1965-10-24
718,1964,Mexican Grand Prix,32,1964-10-25
986,2017,Mexican Grand Prix,32,2017-10-29
375,1988,Mexican Grand Prix,32,1988-05-29
943,2015,Mexican Grand Prix,32,2015-11-01
290,1992,Mexican Grand Prix,32,1992-03-22
418,1986,Mexican Grand Prix,32,1986-10-12
1027,2019,Mexican Grand Prix,32,2019-10-27
326,1990,Mexican Grand Prix,32,1990-06-24
689,1967,Mexican Grand Prix,32,1967-10-22
727,1963,Mexican Grand Prix,32,1963-10-27
698,1966,Mexican Grand Prix,32,1966-10-23
310,1991,Mexican Grand Prix,32,1991-06-16
666,1969,Mexican Grand Prix,32,1969-10-19
401,1987,Mexican Grand Prix,32,1987-10-18
407,1986,Monaco Grand Prix,6,1986-05-11
905,2014,Monaco Grand Prix,6,2014-05-25
846,2011,Monaco Grand Prix,6,2011-05-29
730,1962,Monaco Grand Prix,6,1962-06-03
130,2002,Monaco Grand Prix,6,2002-05-26
374,1988,Monaco Grand Prix,6,1988-05-15
391,1987,Monaco Grand Prix,6,1987-05-31
472,1982,Monaco Grand Prix,6,1982-05-23
1104,2023,Monaco Grand Prix,6,2023-05-28
229,1996,Monaco Grand Prix,6,1996-05-19
294,1992,Monaco Grand Prix,6,1992-05-31
658,1969,Monaco Grand Prix,6,1969-05-18
456,1983,Monaco Grand Prix,6,1983-05-15
518,1979,Monaco Grand Prix,6,1979-05-27
719,1963,Monaco Grand Prix,6,1963-05-26
211,1997,Monaco Grand Prix,6,1997-05-11
766,1958,Monaco Grand Prix,6,1958-05-18
1080,2022,Monaco Grand Prix,6,2022-05-29
580,1975,Monaco Grand Prix,6,1975-05-11
709,1964,Monaco Grand Prix,6,1964-05-10
785,1956,Monaco Grand Prix,6,1956-05-13
690,1966,Monaco Grand Prix,6,1966-05-22
994,2018,Monaco Grand Prix,6,2018-05-27
548,1977,Monaco Grand Prix,6,1977-05-22
931,2015,Monaco Grand Prix,6,2015-05-24
953,2016,Monaco Grand Prix,6,2016-05-29
76,2005,Monaco Grand Prix,6,2005-05-22
669,1968,Monaco Grand Prix,6,1968-05-26
623,1972,Monaco Grand Prix,6,1972-05-14
974,2017,Monaco Grand Prix,6,2017-05-28
196,1998,Monaco Grand Prix,6,1998-05-24
23,2008,Monaco Grand Prix,6,2008-05-25
164,2000,Monaco Grand Prix,6,2000-06-04
595,1974,Monaco Grand Prix,6,1974-05-26
488,1981,Monaco Grand Prix,6,1981-05-31
1056,2021,Monaco Grand Prix,6,2021-05-23
59,2006,Monaco Grand Prix,6,2006-05-28
278,1993,Monaco Grand Prix,6,1993-05-23
645,1970,Monaco Grand Prix,6,1970-05-10
700,1965,Monaco Grand Prix,6,1965-05-30
793,1955,Monaco Grand Prix,6,1955-05-22
885,2013,Monaco Grand Prix,6,2013-05-26
6,2009,Monaco Grand Prix,6,2009-05-24
565,1976,Monaco Grand Prix,6,1976-05-30
777,1957,Monaco Grand Prix,6,1957-05-19
178,1999,Monaco Grand Prix,6,1999-05-16
324,1990,Monaco Grand Prix,6,1990-05-27
531,1978,Monaco Grand Prix,6,1978-05-07
114,2003,Monaco Grand Prix,6,2003-06-01
342,2010,Monaco Grand Prix,6,2010-05-16
441,1984,Monaco Grand Prix,6,1984-06-03
95,2004,Monaco Grand Prix,6,2004-05-23
610,1973,Monaco Grand Prix,6,1973-06-03
147,2001,Monaco Grand Prix,6,2001-05-27
634,1971,Monaco Grand Prix,6,1971-05-23
423,1985,Monaco Grand Prix,6,1985-05-19
244,1995,Monaco Grand Prix,6,1995-05-28
260,1994,Monaco Grand Prix,6,1994-05-15
308,1991,Monaco Grand Prix,6,1991-05-12
834,1950,Monaco Grand Prix,6,1950-05-21
680,1967,Monaco Grand Prix,6,1967-05-07
503,1980,Monaco Grand Prix,6,1980-05-18
865,2012,Monaco Grand Prix,6,2012-05-27
358,1989,Monaco Grand Prix,6,1989-05-07
756,1959,Monaco Grand Prix,6,1959-05-10
1128,2024,Monaco Grand Prix,6,2024-05-26
738,1961,Monaco Grand Prix,6,1961-05-14
1015,2019,Monaco Grand Prix,6,2019-05-26
40,2007,Monaco Grand Prix,6,2007-05-27
747,1960,Monaco Grand Prix,6,1960-05-29
451,1984,Portuguese Grand Prix,27,1984-10-21
269,1994,Portuguese Grand Prix,27,1994-09-25
238,1996,Portuguese Grand Prix,27,1996-09-22
417,1986,Portuguese Grand Prix,27,1986-09-21
384,1988,Portuguese Grand Prix,27,1988-09-25
333,1990,Portuguese Grand Prix,27,1990-09-23
302,1992,Portuguese Grand Prix,27,1992-09-27
317,1991,Portuguese Grand Prix,27,1991-09-22
399,1987,Portuguese Grand Prix,27,1987-09-20
368,1989,Portuguese Grand Prix,27,1989-09-24
421,1985,Portuguese Grand Prix,27,1985-04-21
252,1995,Portuguese Grand Prix,27,1995-09-24
286,1993,Portuguese Grand Prix,27,1993-09-26
773,1958,Portuguese Grand Prix,59,1958-08-24
753,1960,Portuguese Grand Prix,59,1960-08-14
762,1959,Portuguese Grand Prix,62,1959-08-23
1054,2021,Portuguese Grand Prix,75,2021-05-02
1042,2020,Portuguese Grand Prix,75,2020-10-25
972,2017,Russian Grand Prix,71,2017-04-30
1040,2020,Russian Grand Prix,71,2020-09-27
915,2014,Russian Grand Prix,71,2014-10-12
1004,2018,Russian Grand Prix,71,2018-09-30
941,2015,Russian Grand Prix,71,2015-10-11
1066,2021,Russian Grand Prix,71,2021-09-26
951,2016,Russian Grand Prix,71,2016-05-01
1025,2019,Russian Grand Prix,71,2019-09-29
111,2003,San Marino Grand Prix,21,2003-04-20
486,1981,San Marino Grand Prix,21,1981-05-03
293,1992,San Marino Grand Prix,21,1992-05-17
74,2005,San Marino Grand Prix,21,2005-04-24
406,1986,San Marino Grand Prix,21,1986-04-27
259,1994,San Marino Grand Prix,21,1994-05-01
56,2006,San Marino Grand Prix,21,2006-04-23
389,1987,San Marino Grand Prix,21,1987-05-03
127,2002,San Marino Grand Prix,21,2002-04-14
144,2001,San Marino Grand Prix,21,2001-04-15
93,2004,San Marino Grand Prix,21,2004-04-25
160,2000,San Marino Grand Prix,21,2000-04-09
276,1993,San Marino Grand Prix,21,1993-04-25
422,1985,San Marino Grand Prix,21,1985-05-05
242,1995,San Marino Grand Prix,21,1995-04-30
470,1982,San Marino Grand Prix,21,1982-04-25
228,1996,San Marino Grand Prix,21,1996-05-05
194,1998,San Marino Grand Prix,21,1998-04-26
307,1991,San Marino Grand Prix,21,1991-04-28
323,1990,San Marino Grand Prix,21,1990-05-13
373,1988,San Marino Grand Prix,21,1988-05-01
455,1983,San Marino Grand Prix,21,1983-05-01
210,1997,San Marino Grand Prix,21,1997-04-27
357,1989,San Marino Grand Prix,21,1989-04-23
439,1984,San Marino Grand Prix,21,1984-05-06
177,1999,San Marino Grand Prix,21,1999-05-02
854,2011,Singapore Grand Prix,15,2011-09-25
1003,2018,Singapore Grand Prix,15,2018-09-16
32,2008,Singapore Grand Prix,15,2008-09-28
913,2014,Singapore Grand Prix,15,2014-09-21
893,2013,Singapore Grand Prix,15,2013-09-22
1138,2024,Singapore Grand Prix,15,2024-09-22
962,2016,Singapore Grand Prix,15,2016-09-18
351,2010,Singapore Grand Prix,15,2010-09-26
14,2009,Singapore Grand Prix,15,2009-09-27
873,2012,Singapore Grand Prix,15,2012-09-23
1091,2022,Singapore Grand Prix,15,2022-10-02
1113,2023,Singapore Grand Prix,15,2023-09-17
982,2017,Singapore Grand Prix,15,2017-09-17
939,2015,Singapore Grand Prix,15,2015-09-20
1024,2019,Singapore Grand Prix,15,2019-09-22
289,1992,South African Grand Prix,30,1992-03-01
656,1969,South African Grand Prix,30,1969-03-01
667,1968,South African Grand Prix,30,1968-01-01
679,1967,South African Grand Prix,30,1967-01-02
273,1993,South African Grand Prix,30,1993-03-14
437,1984,South African Grand Prix,30,1984-04-07
466,1983,South African Grand Prix,30,1983-10-15
561,1976,South African Grand Prix,30,1976-03-06
545,1977,South African Grand Prix,30,1977-03-05
467,1982,South African Grand Prix,30,1982-01-23
514,1979,South African Grand Prix,30,1979-03-03
643,1970,South African Grand Prix,30,1970-03-07
632,1971,South African Grand Prix,30,1971-03-06
529,1978,South African Grand Prix,30,1978-03-04
607,1973,South African Grand Prix,30,1973-03-03
592,1974,South African Grand Prix,30,1974-03-30
621,1972,South African Grand Prix,30,1972-03-04
500,1980,South African Grand Prix,30,1980-03-01
578,1975,South African Grand Prix,30,1975-03-01
434,1985,South African Grand Prix,30,1985-10-19
699,1965,South African Grand Prix,56,1965-01-01
728,1963,South African Grand Prix,56,1963-12-28
737,1962,South African Grand Prix,56,1962-12-29
230,1996,Spanish Grand Prix,4,1996-06-02
277,1993,Spanish Grand Prix,4,1993-05-09
904,2014,Spanish Grand Prix,4,2014-05-11
930,2015,Spanish Grand Prix,4,2015-05-10
212,1997,Spanish Grand Prix,4,1997-05-25
1079,2022,Spanish Grand Prix,4,2022-05-22
145,2001,Spanish Grand Prix,4,2001-04-29
179,1999,Spanish Grand Prix,4,1999-05-30
112,2003,Spanish Grand Prix,4,2003-05-04
162,2000,Spanish Grand Prix,4,2000-05-07
1014,2019,Spanish Grand Prix,4,2019-05-12
21,2008,Spanish Grand Prix,4,2008-04-27
58,2006,Spanish Grand Prix,4,2006-05-14
884,2013,Spanish Grand Prix,4,2013-05-12
5,2009,Spanish Grand Prix,4,2009-05-10
318,1991,Spanish Grand Prix,4,1991-09-29
292,1992,Spanish Grand Prix,4,1992-05-03
845,2011,Spanish Grand Prix,4,2011-05-22
864,2012,Spanish Grand Prix,4,2012-05-13
1130,2024,Spanish Grand Prix,4,2024-06-23
952,2016,Spanish Grand Prix,4,2016-05-15
993,2018,Spanish Grand Prix,4,2018-05-13
243,1995,Spanish Grand Prix,4,1995-05-14
341,2010,Spanish Grand Prix,4,2010-05-09
75,2005,Spanish Grand Prix,4,2005-05-08
195,1998,Spanish Grand Prix,4,1998-05-10
1055,2021,Spanish Grand Prix,4,2021-05-09
39,2007,Spanish Grand Prix,4,2007-05-13
1105,2023,Spanish Grand Prix,4,2023-06-04
94,2004,Spanish Grand Prix,4,2004-05-09
973,2017,Spanish Grand Prix,4,2017-05-14
1036,2020,Spanish Grand Prix,4,2020-08-16
128,2002,Spanish Grand Prix,4,2002-04-28
261,1994,Spanish Grand Prix,4,1994-05-29
369,1989,Spanish Grand Prix,26,1989-10-01
405,1986,Spanish Grand Prix,26,1986-04-13
334,1990,Spanish Grand Prix,26,1990-09-30
385,1988,Spanish Grand Prix,26,1988-10-02
400,1987,Spanish Grand Prix,26,1987-09-27
516,1979,Spanish Grand Prix,45,1979-04-29
563,1976,Spanish Grand Prix,45,1976-05-02
489,1981,Spanish Grand Prix,45,1981-06-21
533,1978,Spanish Grand Prix,45,1978-06-04
593,1974,Spanish Grand Prix,45,1974-04-28
547,1977,Spanish Grand Prix,45,1977-05-08
622,1972,Spanish Grand Prix,45,1972-05-01
644,1970,Spanish Grand Prix,45,1970-04-19
668,1968,Spanish Grand Prix,45,1968-05-12
608,1973,Spanish Grand Prix,49,1973-04-29
657,1969,Spanish Grand Prix,49,1969-05-04
633,1971,Spanish Grand Prix,49,1971-04-18
579,1975,Spanish Grand Prix,49,1975-04-27
832,1951,Spanish Grand Prix,67,1951-10-28
807,1954,Spanish Grand Prix,67,1954-10-24
582,1975,Swedish Grand Prix,47,1975-06-08
566,1976,Swedish Grand Prix,47,1976-06-13
534,1978,Swedish Grand Prix,47,1978-06-17
611,1973,Swedish Grand Prix,47,1973-06-17
596,1974,Swedish Grand Prix,47,1974-06-09
550,1977,Swedish Grand Prix,47,1977-06-19
480,1982,Swiss Grand Prix,41,1982-08-29
817,1952,Swiss Grand Prix,66,1952-05-18
815,1953,Swiss Grand Prix,66,1953-08-23
805,1954,Swiss Grand Prix,66,1954-08-22
825,1951,Swiss Grand Prix,66,1951-05-27
836,1950,Swiss Grand Prix,66,1950-06-04
84,2005,Turkish Grand Prix,5,2005-08-21
7,2009,Turkish Grand Prix,5,2009-06-07
1067,2021,Turkish Grand Prix,5,2021-10-10
844,2011,Turkish Grand Prix,5,2011-05-08
22,2008,Turkish Grand Prix,5,2008-05-11
66,2006,Turkish Grand Prix,5,2006-08-27
343,2010,Turkish Grand Prix,5,2010-05-30
1044,2020,Turkish Grand Prix,5,2020-11-15
47,2007,Turkish Grand Prix,5,2007-08-26
42,2007,United States Grand Prix,19,2007-06-17
122,2003,United States Grand Prix,19,2003-09-28
172,2000,United States Grand Prix,19,2000-09-24
79,2005,United States Grand Prix,19,2005-06-19
139,2002,United States Grand Prix,19,2002-09-29
98,2004,United States Grand Prix,19,2004-06-20
156,2001,United States Grand Prix,19,2001-09-30
62,2006,United States Grand Prix,19,2006-07-02
305,1991,United States Grand Prix,33,1991-03-10
360,1989,United States Grand Prix,33,1989-06-04
321,1990,United States Grand Prix,33,1990-03-11
707,1965,United States Grand Prix,46,1965-10-03
574,1976,United States Grand Prix,46,1976-10-10
526,1979,United States Grand Prix,46,1979-10-07
688,1967,United States Grand Prix,46,1967-10-01
745,1961,United States Grand Prix,46,1961-10-08
726,1963,United States Grand Prix,46,1963-10-06
557,1977,United States Grand Prix,46,1977-10-02
631,1972,United States Grand Prix,46,1972-10-08
665,1969,United States Grand Prix,46,1969-10-05
717,1964,United States Grand Prix,46,1964-10-04
654,1970,United States Grand Prix,46,1970-10-04
736,1962,United States Grand Prix,46,1962-10-07
541,1978,United States Grand Prix,46,1978-10-01
604,1974,United States Grand Prix,46,1974-10-06
511,1980,United States Grand Prix,46,1980-10-05
589,1975,United States Grand Prix,46,1975-10-05
619,1973,United States Grand Prix,46,1973-10-07
642,1971,United States Grand Prix,46,1971-10-03
677,1968,United States Grand Prix,46,1968-10-06
697,1966,United States Grand Prix,46,1966-10-02
755,1960,United States Grand Prix,60,1960-11-20
764,1959,United States Grand Prix,63,1959-12-12
1116,2023,United States Grand Prix,69,2023-10-22
942,2015,United States Grand Prix,69,2015-10-25
1006,2018,United States Grand Prix,69,2018-10-21
878,2012,United States Grand Prix,69,2012-11-18
1028,2019,United States Grand Prix,69,2019-11-03
985,2017,United States Grand Prix,69,2017-10-22
1069,2021,United States Grand Prix,69,2021-10-24
916,2014,United States Grand Prix,69,2014-11-02
1093,2022,United States Grand Prix,69,2022-10-23
1139,2024,United States Grand Prix,69,2024-10-20
898,2013,United States Grand Prix,69,2013-11-17
965,2016,United States Grand Prix,69,2016-10-23
530,1978,United States Grand Prix West,43,1978-04-02
453,1983,United States Grand Prix West,43,1983-03-27
483,1981,United States Grand Prix West,43,1981-03-15
546,1977,United States Grand Prix West,43,1977-04-03
501,1980,United States Grand Prix West,43,1980-03-30
515,1979,United States Grand Prix West,43,1979-04-08
469,1982,United States Grand Prix West,43,1982-04-04
562,1976,United States Grand Prix West,43,1976-03-28
